<?xml version="1.0" encoding="UTF-8"?>
<metadata xml:lang="en"><Esri><CreaDate>20160401</CreaDate><CreaTime>09342300</CreaTime><ArcGISFormat>1.0</ArcGISFormat><SyncOnce>TRUE</SyncOnce><DataProperties><lineage><Process ToolSource="c:\program files (x86)\arcgis\desktop10.2\ArcToolbox\Toolboxes\Data Management Tools.tbx\Append" Date="20151020" Time="090859">Append 151020_806-GFT_Map 151020_801-806-GFT_Map TEST # #</Process></lineage></DataProperties><ArcGISstyle>ISO 19139 Metadata Implementation Specification</ArcGISstyle></Esri></metadata>
